Risk ID,Asset,Asset Type,Information / Value,Risk Statement,Threat Source,Relevant NIST Controls,Likelihood (1-5),Impact (1-5),Inherent Score,Inherent Rating,Treatment / Planned Controls,Risk Owner,Response,Residual Likelihood,Residual Impact,Residual Score,Residual Rating,Target Date,Status
"RA-001","Customer Data Store","Cloud database / analytics warehouse","Customer PII and account metadata","Unauthorized access or excessive privileges expose customer data","Identity compromise / privilege misuse","AC-2; AC-6; IA-2; AU-2/AU-12","4","5","20","High","Implement least privilege; quarterly access review; MFA; privileged activity logging","Security / IAM","Reduce","2","5","10","Medium","2026-11-15","Open"
"RA-002","Production API","Public-facing SaaS API","Customer data and application functionality","API abuse or exploitable authorization flaw enables unauthorized data access","External attacker","AC-3; AC-4; SC-7; SI-10; SA-11","4","5","20","High","API authorization testing; WAF/rate limiting; secure SDLC testing; logging","Engineering","Reduce","2","5","10","Medium","2026-12-01","Open"
"RA-003","Cloud IAM","Cloud identity and privileged roles","Administrative access","Compromised privileged account could alter infrastructure or access sensitive data","Credential theft / phishing","IA-2; IA-5; AC-6; AU-12","4","5","20","High","Phishing-resistant MFA; PAM/JIT access; access recertification; alerting","Security / IAM","Reduce","2","5","10","Medium","2026-11-01","Open"
"RA-004","Backups","Production backup repository","Customer and operational data","Ransomware or accidental deletion compromises recoverability","Ransomware / admin error","CP-2; CP-6; CP-9; SC-28","3","5","15","High","Immutable backups; separate credentials; restore tests; backup monitoring","Infrastructure","Reduce","1","5","5","Low","2026-11-30","Open"
"RA-005","CI/CD Pipeline","Source control and deployment pipeline","Application source code and deployment credentials","Compromised pipeline introduces malicious code into production","Supply-chain compromise / stolen token","SA-10; SA-11; CM-3; AC-6; IA-5","3","5","15","High","Branch protection; signed commits/artifacts; secret scanning; restricted runners; separation of duties","Engineering","Reduce","2","5","10","Medium","2026-12-15","Open"
"RA-006","Employee Endpoints","Corporate laptops","Credentials and business information","Malware or lost device leads to credential theft or data exposure","Malware / loss or theft","CM-8; MP-4; SC-28; SI-3; AC-19","3","4","12","Medium","EDR; full-disk encryption; MDM; screen lock; remote wipe; security awareness","IT / Security","Reduce","1","4","4","Low","2026-11-15","Open"
"RA-007","Third-Party SaaS","Critical vendors processing company/customer data","Data and business operations","Vendor breach or service failure affects confidentiality or availability","Third-party compromise / outage","SR-3; SR-6; CA-3; SA-9","3","4","12","Medium","Vendor due diligence; security clauses; annual reassessment; dependency inventory; exit plans","GRC / Procurement","Reduce","2","4","8","Medium","2026-12-20","Open"
"RA-008","Logging Platform","Central security and application logs","Audit evidence and security telemetry","Insufficient logging or tampering reduces incident detection and audit evidence quality","Insider / attacker activity","AU-2; AU-6; AU-9; AU-12","3","4","12","Medium","Centralized logging; restricted access; retention standard; alert coverage review; time synchronization","Security Operations","Reduce","1","4","4","Low","2026-11-10","Open"
"RA-009","Security Awareness","Employees / contractors","Human access to systems and data","Successful phishing or social engineering results in credential compromise","Social engineering","AT-2; AT-3; IA-2","4","4","16","High","Quarterly training; phishing simulations; targeted training for privileged users","GRC / People","Reduce","2","4","8","Medium","2026-12-05","Open"
"RA-010","Incident Response","IR process, contacts and playbooks","Incident handling capability","Delayed or unclear response increases impact of a security event","Process gap / coordination failure","IR-2; IR-4; IR-6; CP-2","3","5","15","High","Severity matrix; playbooks; contact tree; tabletop exercise; lessons learned","Security / GRC","Reduce","1","5","5","Low","2026-11-25","Open"
"RA-011","Production Availability","Compute, networking and managed services","Service availability","Cloud outage or capacity issue causes prolonged customer disruption","Provider outage / capacity failure","CP-2; CP-10; SC-5; SC-6","3","4","12","Medium","Availability monitoring; capacity thresholds; redundancy; tested recovery procedures","Infrastructure","Reduce","2","4","8","Medium","2027-01-15","Open"
"RA-012","Data Retention","Customer data stores and backups","Personal and business data","Data retained longer than necessary increases breach impact and compliance exposure","Process failure / configuration drift","SI-12; MP-6; SC-28","3","4","12","Medium","Retention schedule; automated deletion; backup lifecycle controls; quarterly validation","Data Governance / GRC","Reduce","1","4","4","Low","2026-12-30","Open"